{"cameraMode":{"drawMode":0,"name":"Shaded","section":"Shading Mode"},"sceneLighting":true,"audioPlay":false,"sceneViewState":{"m_AlwaysRefresh":false,"showFog":true,"showSkybox":true,"showFlares":true,"showImageEffects":true,"showParticleSystems":true,"showVisualEffectGraphs":true,"m_FxEnabled":true},"in2DMode":false,"pivot":{"x":-10.046290397644043,"y":0.83018958568573,"z":-2.063610076904297},"rotation":{"x":0.00034645426785573363,"y":0.999643862247467,"z":-0.016495637595653535,"w":0.02099561132490635},"size":9.201147079467774,"orthographic":false}